subsidiary_name,average_salary,highest_salary,lowest_salary
TechCorp,6975.6,11300.0,3600.0
DesignWorks,6748.111111111111,10700.0,3960.0
ProjectLead,6945.882352941177,11330.0,4480.0
DataSolutions,7200.4,11440.0,3920.0
InnovateIT,7050.8,11770.0,4080.0
AIProTech,7065.0,11330.0,3600.0
DevInnov,7307.8,11440.0,5264.0
GLOBAL,7041.941923436041,11770.0,3600.0
